run_name,backbone,rho,epsilon,lr,max_forward_step,lambda_q,lambda_sa,lambda_mv,run_dir,status,max_step,num_logged_steps,checkpoint_complete,loss_total__first1k_mean,loss_total__last1k_mean,loss_total__delta_last_minus_first,loss_total__slope_all_per10k,loss_total__slope_last10k_per10k,loss_total__last1k_std,loss_softdtw__first1k_mean,loss_softdtw__last1k_mean,loss_softdtw__delta_last_minus_first,loss_softdtw__slope_all_per10k,loss_softdtw__slope_last10k_per10k,loss_softdtw__last1k_std,loss_align__first1k_mean,loss_align__last1k_mean,loss_align__delta_last_minus_first,loss_align__slope_all_per10k,loss_align__slope_last10k_per10k,loss_align__last1k_std,loss_struct__first1k_mean,loss_struct__last1k_mean,loss_struct__delta_last_minus_first,loss_struct__slope_all_per10k,loss_struct__slope_last10k_per10k,loss_struct__last1k_std,loss_aux__first1k_mean,loss_aux__last1k_mean,loss_aux__delta_last_minus_first,loss_aux__slope_all_per10k,loss_aux__slope_last10k_per10k,loss_aux__last1k_std,soft_alignment_teacher_entropy__first1k_mean,soft_alignment_teacher_entropy__last1k_mean,soft_alignment_teacher_entropy__delta_last_minus_first,soft_alignment_teacher_entropy__slope_all_per10k,soft_alignment_teacher_entropy__slope_last10k_per10k,soft_alignment_teacher_entropy__last1k_std,soft_alignment_kl__first1k_mean,soft_alignment_kl__last1k_mean,soft_alignment_kl__delta_last_minus_first,soft_alignment_kl__slope_all_per10k,soft_alignment_kl__slope_last10k_per10k,soft_alignment_kl__last1k_std,soft_alignment_pred_entropy__first1k_mean,soft_alignment_pred_entropy__last1k_mean,soft_alignment_pred_entropy__delta_last_minus_first,soft_alignment_pred_entropy__slope_all_per10k,soft_alignment_pred_entropy__slope_last10k_per10k,soft_alignment_pred_entropy__last1k_std,soft_alignment_teacher_expected_deviation__first1k_mean,soft_alignment_teacher_expected_deviation__last1k_mean,soft_alignment_teacher_expected_deviation__delta_last_minus_first,soft_alignment_teacher_expected_deviation__slope_all_per10k,soft_alignment_teacher_expected_deviation__slope_last10k_per10k,soft_alignment_teacher_expected_deviation__last1k_std,soft_alignment_teacher_diag_mass__first1k_mean,soft_alignment_teacher_diag_mass__last1k_mean,soft_alignment_teacher_diag_mass__delta_last_minus_first,soft_alignment_teacher_diag_mass__slope_all_per10k,soft_alignment_teacher_diag_mass__slope_last10k_per10k,soft_alignment_teacher_diag_mass__last1k_std,softdtw_top1__first1k_mean,softdtw_top1__last1k_mean,softdtw_top1__delta_last_minus_first,softdtw_top1__slope_all_per10k,softdtw_top1__slope_last10k_per10k,softdtw_top1__last1k_std,emb_std__first1k_mean,emb_std__last1k_mean,emb_std__delta_last_minus_first,emb_std__slope_all_per10k,emb_std__slope_last10k_per10k,emb_std__last1k_std,adapter_grad_norm__first1k_mean,adapter_grad_norm__last1k_mean,adapter_grad_norm__delta_last_minus_first,adapter_grad_norm__slope_all_per10k,adapter_grad_norm__slope_last10k_per10k,adapter_grad_norm__last1k_std,head_grad_norm__first1k_mean,head_grad_norm__last1k_mean,head_grad_norm__delta_last_minus_first,head_grad_norm__slope_all_per10k,head_grad_norm__slope_last10k_per10k,head_grad_norm__last1k_std,rvt2_lite__backbone,rvt2_lite__repeats,rvt2_lite__tasks_per_repeat,rvt2_lite__episodes_per_task,rvt2_lite__overall_mean,rvt2_lite__overall_std,rvt2_lite__level1_mean,rvt2_lite__level1_std,rvt2_lite__level2_mean,rvt2_lite__level2_std,rvt2_lite__raw_csv
hpsA_vit_imagenet_rho0p25_eps0p05_lr7p5e5_i40000,vit_imagenet,0.25,0.05,0.000075,1,0.1,1,0.5,/home/paichichi/projects/TCC-core/wsl_result/tcc_core_runs/hpsA_vit_imagenet_rho0p25_eps0p05_lr7p5e5_i40000,complete,40000,40000,True,2.75765506809,2.1504998059,-0.60715526219,-0.0995351853443223,-0.046364951203107796,0.08519229514027955,2.08817715804,1.8164861184199999,-0.2716910396200003,-0.06955521881543189,-0.04312899831494258,0.0748988449836492,2.07137752988,1.8026364419399998,-0.26874108794000007,-0.06882728072804112,-0.042746228053707744,0.07428094508329841,0.16799621579000001,0.13849426267,-0.029501953120000007,-0.007279776461903017,-0.003827094183875927,0.009520633796118142,1.3389558152699998,0.66802737799,-0.6709284372799998,-0.05995993349842997,-0.006471905742884462,0.0452714470136534,1.55907935846,1.31448096795,-0.24459839050999999,-0.05962960128105305,-0.03419466145415694,0.058333666083370116,0.51229817537,0.4881554713,-0.02414270407000002,-0.00919767970973054,-0.008551567687956658,0.032972988928167725,2.06655140132,1.79649149538,-0.27005990593999996,-0.06940589136587048,-0.042076322304852073,0.059163636279954857,0.136355277,0.12590657848,-0.010448698519999994,-0.0024111039504295193,-0.0014266832880246371,0.010896241911794299,0.42587929334,0.46391554574000005,0.038036252400000026,0.00884447457859436,0.005256029467241118,0.026969426980594315,0.147617185,0.244265625,0.09664843999999997,0.023113182630112267,0.013396643732626442,0.042396212128754794,0.03653114929,0.0581024884,0.021571339109999997,0.006269833221607546,0.002460746869014267,0.001793133078281375,0.0,0.0,0.0,0.0,0.0,0.0,2.47031235827,2.5072417864600003,0.03692942819000011,0.1982023524569445,0.11956180119195402,0.4163566693165773,vit_imagenet,3,12,10,32.777778,1.416394,27.777778,2.078699,37.777778,1.571348,/home/paichichi/projects/TCC-core/wsl_result/downstream_rvt2_lite_runs/hparam_search/hpsA_vit_imagenet_rho0p25_eps0p05_lr7p5e5_i40000/eval_raw.csv
linux_method3_vit_ln_single_8ts1v_b8_seed1_i40000,vit_imagenet,0.5,0.05,0.000075,1,0.1,1,0.5,/home/paichichi/projects/TCC-core/wsl_result/tcc_core_runs/linux_method3_vit_ln_single_8ts1v_b8_seed1_i40000,complete,40000,40000,True,2.75674300199,2.17915895313,-0.5775840488599999,-0.09262996861934875,-0.043667696736463264,0.09052783682847171,2.08542530225,1.84026842105,-0.2451568812,-0.062382010081561474,-0.04038156183415501,0.08038450574742266,2.06866898515,1.8265453445600002,-0.2421236405899998,-0.06164350815183233,-0.039992108663164966,0.0797058939203387,0.16756396482,0.13723168956999998,-0.030332275250000013,-0.007385136545894262,-0.003893903225883835,0.009732019836381115,1.34263540147,0.6777810693999999,-0.66485433207,-0.060495917347654346,-0.0065722617156250135,0.046200866407441504,,,,,,,,,,,,,,,,,,,,,,,,,,,,,,,0.150000021,0.255867178,0.10586715699999996,0.024971350184057526,0.013600962911629669,0.041192689162208335,0.03785871332,0.058584156479999996,0.020725443159999996,0.005932655810781234,0.002696128393089882,0.0020809916009727693,0.0,0.0,0.0,0.0,0.0,0.0,2.53907853544,2.816810193073073,0.27773165763307306,0.2266533943390388,0.14431386819826728,0.4309646032568479,vit_imagenet,3,12,10,35.555556,1.712337,35.555556,3.142697,35.555556,2.078699,/home/paichichi/projects/TCC-core/wsl_result/downstream_rvt2_lite_runs/hparam_search/linux_method3_vit_ln_single_8ts1v_b8_seed1_i40000/eval_raw.csv
linux_method3_resnet_bn_affine_symmetric_two_branch_single_8ts1v_b20_seed1_i40000,r3m_bn_bi,0.5,0.05,0.0001,1,0.1,1,0.5,/home/paichichi/projects/TCC-core/wsl_result/tcc_core_runs/linux_method3_resnet_bn_affine_symmetric_two_branch_single_8ts1v_b20_seed1_i40000,complete,40000,40000,True,3.46806372619,2.5018196163399997,-0.9662441098500003,-0.13962725520254243,-0.018847003584446315,0.01838355125982407,2.5132011700500003,2.13941490912,-0.3737862609300002,-0.04727218832684449,-0.0044366813225349844,0.007312823678174167,2.49929808636,2.1225424048700003,-0.3767556814899997,-0.047575040587236245,-0.004456023484818624,0.007342358185767036,0.13901220702,0.16873828227999998,0.029726075259999984,0.0030308991195766143,0.00019553743842777406,0.0010413381456207186,1.9097251105800002,0.72480941318,-1.1849156974000001,-0.18471013318918572,-0.02882064488655047,0.03315198577331518,,,,,,,,,,,,,,,,,,,,,,,,,,,,,,,0.148475,0.131875,-0.016600000000000004,-0.003290330861431454,-0.00045800100458000823,0.024523585586125045,0.005169454909999999,0.018713848970000002,0.013544394060000003,0.001571929977056255,0.0001240014227134144,0.00013991139780246325,0.0,0.0,0.0,0.0,0.0,0.0,2.64500754818,0.18975248497000002,-2.45525506321,-0.3107392960006935,-0.03540623435100611,0.04885300341401061,r3m_bn_bi,3,12,10,28.055556,1.571348,28.888889,3.424674,27.222222,2.078699,/home/paichichi/projects/TCC-core/wsl_result/downstream_rvt2_lite_runs/resnet_25k_bn_affine_symmetric_40k_25k_3x10_fair_restart_20260802.csv
hpsA_r3m_bn_bi_rho0p25_eps0p05_lr1e4_i40000,r3m_bn_bi,0.25,0.05,0.0001,1,0.1,1,0.5,/home/paichichi/projects/TCC-core/wsl_result/tcc_core_runs/hpsA_r3m_bn_bi_rho0p25_eps0p05_lr1e4_i40000,complete,40000,40000,True,3.19129096833,2.4994865054699997,-0.6918044628600004,-0.12136265381226945,-0.01767890144783963,0.018163033034050594,2.23564177906,2.1383155521600004,-0.09732622689999948,-0.029035863697656907,-0.004002726463789851,0.0068136329216878745,2.22177117822,2.12144013026,-0.10033104796000014,-0.029348788827544242,-0.0040209867275996704,0.006842825742305329,0.13869482426,0.16877832143000002,0.03008349717000003,0.003134050949742879,0.00019113020162850095,0.001048958856788221,1.91129837531,0.7223419120800001,-1.1889564632299998,-0.18465357972217333,-0.027352344756584785,0.033082658965933126,1.64647122375,2.07874053226,0.4322693085099998,0.029775533124131403,0.00030816632766364894,0.001518334657432626,0.57529994174,0.04269959266,-0.53260034908,-0.05912432460636518,-0.0043291537332165305,0.007245999743207912,1.31494645329,2.03575734392,0.7208108906299999,0.07218667742756502,0.004517178709984999,0.007844054586687417,0.30234823445000003,0.37449062006,0.07214238560999997,0.007006687007966474,0.00023050521631245175,0.0007439992805539504,0.20839457427,0.12585584198,-0.08253873229,-0.008576043601709245,-0.0003033899864588978,0.001088368034800214,0.14841875,0.131665625,-0.01675312499999998,-0.003415074781431281,-0.0005834338183343409,0.024899271881610816,0.00504924626,0.01879213644,0.013742890179999998,0.0016525793818194588,9.075690525396907e-05,0.00013992222424949658,0.0,0.0,0.0,0.0,0.0,0.0,2.6654353244099998,0.18735270564,-2.47808261877,-0.3216266186101091,-0.03452240067977423,0.048463844120819444,r3m_bn_bi,3,12,10,34.166667,1.800206,37.222222,3.142697,31.111111,2.832789,/home/paichichi/projects/TCC-core/wsl_result/downstream_rvt2_lite_runs/hparam_search/hpsA_r3m_bn_bi_rho0p25_eps0p05_lr1e4_i40000/eval_raw.csv
hpsA_r3m_bn_bi_rho0p25_eps0p025_lr1e4_i40000,r3m_bn_bi,0.25,0.025,0.0001,1,0.1,1,0.5,/home/paichichi/projects/TCC-core/wsl_result/tcc_core_runs/hpsA_r3m_bn_bi_rho0p25_eps0p025_lr1e4_i40000,complete,40000,40000,True,4.37810846233,2.50648015073,-1.8716283116000003,-0.19549103773610832,-0.020916282171102366,0.019179302489594745,3.42556901397,2.14216253478,-1.28340647919,-0.10352956976420481,-0.005559947271814665,0.008682017078665104,3.41156577847,2.1252955007,-1.28627027777,-0.10380574863750887,-0.005577028355865913,0.008723386910064253,0.1400234376,0.16870996209999997,0.028686524499999977,0.002765046929806208,0.00017782211564502064,0.0010567304871776837,1.90507889766,0.7286352293,-1.17644366836,-0.18392293592651007,-0.030712676751749823,0.03368685161942793,2.06159557467,2.07944155,0.017845975329999764,0.000926312488430762,0.0,0.0,1.34997021408,0.04585390767,-1.30411630641,-0.10473206611602262,-0.005577026581134279,0.008723390077233717,1.34979962161,2.03427517753,0.68447555592,0.06495502189101247,0.005089877437554769,0.007986048893860643,0.37079684189,0.375,0.004203158109999994,0.00023513496927517178,0.0,0.0,0.13038378936,0.125,-0.005383789360000002,-0.00030452759829070205,0.0,0.0,0.14758125000000002,0.1333875,-0.014193750000000033,-0.0028307274920035996,0.00045364294203642915,0.02436861775419361,0.0053281199700000005,0.018559947860000002,0.013231827890000002,0.001482710017965332,0.00012781625011756202,0.00013853728349083654,0.0,0.0,0.0,0.0,0.0,0.0,2.63859406208,0.19122934452,-2.44736471756,-0.29853156777328543,-0.037584107590095714,0.047561684840687075,r3m_bn_bi,3,12,10,36.944444,1.416394,41.111111,2.832789,32.777778,2.832789,/home/paichichi/projects/TCC-core/wsl_result/downstream_rvt2_lite_runs/hparam_search/hpsA_r3m_bn_bi_rho0p25_eps0p025_lr1e4_i40000/eval_raw.csv
hpsA_r3m_bn_bi_rho0p25_eps0p1_lr1e4_i40000,r3m_bn_bi,0.25,0.1,0.0001,1,0.1,1,0.5,/home/paichichi/projects/TCC-core/wsl_result/tcc_core_runs/hpsA_r3m_bn_bi_rho0p25_eps0p1_lr1e4_i40000,complete,40000,40000,True,2.7559280291199997,2.33548940876,-0.4204386203599997,-0.06371772220892107,-0.018523015963155608,0.031605621126188733,1.7964406575999998,1.95878410065,0.16234344305000015,0.03038165631451734,-0.003948050879243896,0.02304313009809379,1.78271296035,1.94268491156,0.15997195120999996,0.030047261649670767,-0.003898724493475051,0.022807622208022998,0.13727734366,0.16098046903,0.023703125369999994,0.00334467136355775,-0.0004865123831433232,0.003264943080322375,1.9189747508400001,0.75341061543,-1.1655641354100001,-0.1881987570458142,-0.02914993101218295,0.03535336573442386,1.43518758426,1.77927092266,0.34408333840000016,0.047595244583078546,-0.002853299813722194,0.02063076388472839,0.34752538277999995,0.16341399304999998,-0.18411138972999996,-0.01754798243657566,-0.001045424164742244,0.005628671297321473,1.2706778908599998,1.92423781018,0.6535599193200001,0.09338447084161026,0.00016925570731915303,0.021928908602276243,0.27428100274,0.22261086662,-0.051670136120000015,-0.0077212172119558425,-0.0017684021627264249,0.007106141184550768,0.22599474161,0.27770779396,0.05171305235000001,0.007944934400758465,0.0018679700948141021,0.009804635583451784,0.147953125,0.17147187500000002,0.023518750000000033,0.0053840205238728225,0.0034742422847424273,0.026064140948041527,0.0046000236,0.00442514979,-0.0001748738100000001,-0.0006509702182178714,0.0003560006785964076,0.00019905270175824265,0.0,0.0,0.0,0.0,0.0,0.0,2.77755741539,1.6188732457200001,-1.1586841696699999,-0.3206886495455799,-0.37572370989023524,0.2678201262118596,r3m_bn_bi,3,12,10,29.444444,0.392837,27.777778,2.832789,31.111111,3.424674,/home/paichichi/projects/TCC-core/wsl_result/downstream_rvt2_lite_runs/hparam_search/hpsA_r3m_bn_bi_rho0p25_eps0p1_lr1e4_i40000/eval_raw.csv
hpsA_h200_r3m_bn_bi_rho0p5_eps0p05_lr1e4_i40000,r3m_bn_bi,0.5,0.05,0.0001,1,0.1,1,0.5,/home/paichichi/projects/TCC-core/wsl_result/tcc_core_runs/hpsA_h200_r3m_bn_bi_rho0p5_eps0p05_lr1e4_i40000,complete,40000,40000,True,3.46806372619,2.5018196163399997,-0.9662441098500003,-0.13962725520254243,-0.018847003584446315,0.01838355125982407,2.5132011700500003,2.13941490912,-0.3737862609300002,-0.04727218832684449,-0.0044366813225349844,0.007312823678174167,2.49929808636,2.1225424048700003,-0.3767556814899997,-0.047575040587236245,-0.004456023484818624,0.007342358185767036,0.13901220702,0.16873828227999998,0.029726075259999984,0.0030308991195766143,0.00019553743842777406,0.0010413381456207186,1.9097251105800002,0.72480941318,-1.1849156974000001,-0.18471013318918572,-0.02882064488655047,0.03315198577331518,1.7131691927,2.07885648359,0.3656872908900002,0.024943435556612423,0.00029100819411246253,0.0013389796401966684,0.78612888123,0.043685906600000005,-0.74244297463,-0.07251848048766975,-0.004747044545763837,0.007741333181506816,1.32604581533,2.03524038177,0.7091945664399999,0.06977158290975562,0.0047399001177320125,0.007880752886997583,0.28885857815,0.37451992459,0.08566134644000001,0.007334268884194904,0.00021288140440981442,0.0007029791385335924,0.24978677400000002,0.12594102924,-0.12384574476000001,-0.011398565984742967,-0.00035977431562034343,0.0011934270152658786,0.148475,0.131875,-0.016600000000000004,-0.003290330861431454,-0.00045800100458000823,0.024523585586125045,0.005169454909999999,0.018713848970000002,0.013544394060000003,0.001571929977056255,0.0001240014227134144,0.00013991139780246325,0.0,0.0,0.0,0.0,0.0,0.0,2.64500754818,0.18975248497000002,-2.45525506321,-0.3107392960006935,-0.03540623435100611,0.04885300341401061,r3m_bn_bi,3,12,10,31.111111,2.389535,31.111111,2.832789,31.111111,2.078699,/home/paichichi/projects/TCC-core/wsl_result/downstream_rvt2_lite_runs/hparam_search/hpsA_h200_r3m_bn_bi_rho0p5_eps0p05_lr1e4_i40000/eval_raw.csv
hpsA_h200_r3m_bn_bi_rho1p0_eps0p05_lr1e4_i40000,r3m_bn_bi,1.0,0.05,0.0001,1,0.1,1,0.5,/home/paichichi/projects/TCC-core/wsl_result/tcc_core_runs/hpsA_h200_r3m_bn_bi_rho1p0_eps0p05_lr1e4_i40000,complete,40000,40000,True,3.71070244121,2.50248204859,-1.20822039262,-0.15403067366161088,-0.019383402533118353,0.01846603866816971,2.75642936112,2.13984531388,-0.6165840472399999,-0.06140502966220648,-0.004630930197700914,0.007528819444879838,2.74250263404,2.1229726766,-0.6195299574400002,-0.061704220591796324,-0.0046515283453352875,0.007559280061459895,0.13926757819,0.16874707146,0.029479493270000018,0.0029948472801750517,0.00021647190078531828,0.0010498820266369284,1.90854615594,0.72527346807,-1.1832726878700002,-0.1852512877722515,-0.029504935896826727,0.03323254672529379,1.73668190437,2.07888465878,0.3422027544099999,0.023890307649492747,0.0002780887700284775,0.0013385171403463105,1.0058207259,0.04408800412,-0.96173272178,-0.08559453387881186,-0.00492961953381078,0.008001038811967707,1.33334104217,2.03504769808,0.70170665591,0.06889198990088653,0.004823315768072746,0.007927614226712289,0.28569739317,0.37453187141,0.08883447824000001,0.007299644462451079,0.00019703869127758757,0.000685532075490645,0.292421475,0.1259708099,-0.16645066509999998,-0.01408500399222202,-0.0003594665623380657,0.0012825437356754703,0.14890625,0.132290625,-0.016615624999999995,-0.003243538607495945,-0.00015357693903576974,0.02386242122007687,0.00524099353,0.018704980679999997,0.013463987149999997,0.0015591645047988878,0.00012577789480937873,0.00013868748343357306,0.0,0.0,0.0,0.0,0.0,0.0,2.63802749967,0.19021603978999999,-2.44781145988,-0.30866291334886153,-0.03573622057922814,0.04831392035353705,r3m_bn_bi,3,12,10,28.333333,0.680414,32.777778,1.571348,23.888889,0.785674,/home/paichichi/projects/TCC-core/wsl_result/downstream_rvt2_lite_runs/hparam_search/hpsA_h200_r3m_bn_bi_rho1p0_eps0p05_lr1e4_i40000/eval_raw.csv
hpsA_h200_r3m_bn_bi_rho0p5_eps0p025_lr1e4_i40000,r3m_bn_bi,0.5,0.025,0.0001,1,0.1,1,0.5,/home/paichichi/projects/TCC-core/wsl_result/tcc_core_runs/hpsA_h200_r3m_bn_bi_rho0p5_eps0p025_lr1e4_i40000,complete,40000,40000,True,4.392677654910001,2.50609364667,-1.8865840082400007,-0.19721290921941384,-0.020746782682847156,0.0192288464891879,3.44023818519,2.1420326323600003,-1.2982055528299998,-0.10508043656075101,-0.005295224538205047,0.008671983120360213,3.42623304624,2.1251649888000004,-1.3010680574399998,-0.10535903891541086,-0.0053115297198603395,0.008711727025675907,0.14005371092,0.16868457125999997,0.02863086033999998,0.0027873457427597184,0.00017004504966964987,0.00106517635552551,1.90487894124,0.72812202096,-1.17675692028,-0.18426494537731664,-0.03090311471115959,0.03376070460524874,2.06249583742,2.07944155,0.01694571257999966,0.0009204728225440887,0.0,0.0,1.3637372189099999,0.04572339204,-1.31801382687,-0.10627951614820962,-0.005311530805388115,0.008711723361236332,1.3504754175,2.03438529305,0.6839098755500002,0.06553341664145279,0.004830441188992391,0.008012522842486568,0.37064940698,0.375,0.004350593020000015,0.00024494901192422783,0.0,0.0,0.13201620557000002,0.125,-0.007016205570000017,-0.0003957841741659617,0.0,0.0,0.147796875,0.1319875,-0.015809374999999987,-0.002857359426590548,-0.000560819068108194,0.023548964945406835,0.00532519535,0.01854216512,0.01321696977,0.0015151674113327103,0.00011067374608173753,0.00014215295842220658,0.0,0.0,0.0,0.0,0.0,0.0,2.63978348183,0.19135911935,-2.44842436248,-0.3062648081713375,-0.03803118697500132,0.048623594697433915,r3m_bn_bi,3,12,10,32.777778,3.068156,30.555556,4.779070,35.000000,1.360828,/home/paichichi/projects/TCC-core/wsl_result/downstream_rvt2_lite_runs/hparam_search/hpsA_h200_r3m_bn_bi_rho0p5_eps0p025_lr1e4_i40000/eval_raw.csv
hpsA_h200_r3m_bn_bi_rho0p5_eps0p1_lr1e4_i40000,r3m_bn_bi,0.5,0.1,0.0001,1,0.1,1,0.5,/home/paichichi/projects/TCC-core/wsl_result/tcc_core_runs/hpsA_h200_r3m_bn_bi_rho0p5_eps0p1_lr1e4_i40000,complete,40000,40000,True,2.89641694376,2.37824566555,-0.5181712782099996,-0.08645082123677544,-0.021947290303740707,0.0416489585060529,1.93482955128,1.97692284243,0.042093291150000045,0.005558784450568,-0.005205717593919581,0.033469578531100955,1.9211213225500001,1.96094397777,0.039822655219999836,0.005248724878576757,-0.005183007715778063,0.03321723208000571,0.13708642579,0.15977050804,0.022684082250000015,0.003099468809906228,-0.0002511521799917213,0.0036247411819207397,1.92317479196,0.8026456418400001,-1.1205291501199999,-0.18401921168036345,-0.03348315199769243,0.039461530151032216,1.32901594253,1.50134851547,0.17233257293999982,0.018794153075144468,-0.0021755210787994255,0.020784318444044162,0.59210539044,0.45959546521,-0.13250992523,-0.013545429022504845,-0.003007485385158457,0.016144281752727682,1.2703041963200001,1.92296508417,0.6526608878499998,0.09050244635639211,0.004031386729514879,0.024144580315233134,0.20784161484,0.13851773878,-0.06932387605999998,-0.009241448304410494,-0.0011367738315931355,0.0045647998638018855,0.32223661359,0.42233903973000003,0.10010242614000003,0.014167841341850243,0.0019732871162298745,0.010286018804903615,0.14826875,0.179665625,0.03139687499999999,0.007118311337456732,0.0038535382885353797,0.026699271225716536,0.0046380758000000005,0.00342391146,-0.0012141643400000006,-0.0009662047106949301,0.00023740961482969576,0.00016878461030754078,0.0,0.0,0.0,0.0,0.0,0.0,2.76736064961,2.30574639162,-0.46161425799,-0.10884246946118621,-0.5590393344281568,0.38989773105104875,r3m_bn_bi,3,12,10,24.444444,0.392837,29.444444,2.078699,19.444444,2.078699,/home/paichichi/projects/TCC-core/wsl_result/downstream_rvt2_lite_runs/hparam_search/hpsA_h200_r3m_bn_bi_rho0p5_eps0p1_lr1e4_i40000/eval_raw.csv
hpsA_h200_r3m_bn_bi_rho1p0_eps0p1_lr1e4_i40000,r3m_bn_bi,1.0,0.1,0.0001,1,0.1,1,0.5,/home/paichichi/projects/TCC-core/wsl_result/tcc_core_runs/hpsA_h200_r3m_bn_bi_rho1p0_eps0p1_lr1e4_i40000,complete,40000,40000,True,3.27295607947,2.4396810773400004,-0.8332750021299997,-0.13309481088117434,-0.026555685032578616,0.05317608166755399,2.31019499224,2.01978672555,-0.2904082666900001,-0.04332364364853794,-0.008992781244460558,0.04529883772907699,2.2964718261500003,2.00376000721,-0.2927118189400004,-0.043627089716525104,-0.008974148065681285,0.04506888640991619,0.13723681647,0.16026562520999998,0.02302880873999999,0.0030333001630586964,-0.00019648383007843905,0.003603165907721341,1.92552216999,0.83978870624,-1.08573346375,-0.17954233409493578,-0.03512580273413003,0.04250073808027225,1.05002471488,1.00580799802,-0.04421671685999984,-0.008784604947474869,-0.002518815897688954,0.016170349152293654,1.24644710194,0.99795201021,-0.24849509173000006,-0.03484248445429335,-0.006455330383770491,0.03315353037947168,1.27800726441,1.9370292423200002,0.6590219779100002,0.08701645631821882,0.00387201980257901,0.024191735271863784,0.11599880133000001,0.061936743849999996,-0.054062057480000016,-0.0058389806776480745,-0.00044586144610681445,0.001942985260712257,0.52162618754,0.65822690432,0.13660071677999996,0.016041928185965126,0.0015110340913547461,0.0080293190724674,0.148759375,0.1818625,0.03310312500000001,0.007387758429422046,0.0035984372234843707,0.026900348510753538,0.0047296192,0.00274353282,-0.00198608638,-0.0012134942696324967,8.55559767209598e-05,0.00014480436274176133,0.0,0.0,0.0,0.0,0.0,0.0,2.74841867033,3.02664200668,0.27822333634999996,0.11467120184717765,-0.5221213769115579,0.5062378481798068,r3m_bn_bi,3,12,10,31.666667,3.402069,37.777778,6.849349,25.555556,0.785674,/home/paichichi/projects/TCC-core/wsl_result/downstream_rvt2_lite_runs/hparam_search/hpsA_h200_r3m_bn_bi_rho1p0_eps0p1_lr1e4_i40000/eval_raw.csv
hpsA2_vit_imagenet_b20_rho0p5_eps0p05_lr3p75em5_i40000,vit_imagenet,0.5,0.05,0.0000375,1,0.1,1,0.5,/home/paichichi/projects/TCC-core/wsl_result/tcc_core_runs/hpsA2_vit_imagenet_b20_rho0p5_eps0p05_lr3p75em5_i40000,complete,40000,40000,True,2.79784369277,2.18048283134,-0.6173608614299999,-0.09525583625489531,-0.043583073271444034,0.06123723410727582,2.08428123632,1.8254198506400001,-0.2588613856799997,-0.06004649300127311,-0.03960206665802673,0.0541876419790793,2.0675570464399997,1.8118683425,-0.25568870393999976,-0.05935331697471948,-0.03920309617025828,0.05375817874324162,0.16724182122,0.13551519784000002,-0.031726623379999985,-0.006932101913457195,-0.003988050625401915,0.006406946062773725,1.42712490556,0.71012596276,-0.7169989428,-0.07041868602175995,-0.007962019242642743,0.03278598071898068,1.01331804184,0.90851624036,-0.10480180148000007,-0.02255956043173353,-0.007912700386360397,0.030045834218123176,1.05423899977,0.90335209987,-0.15088689989999993,-0.03679375622480051,-0.03129039744798215,0.03341406219046199,2.06038800964,1.80603030586,-0.25435770378,-0.05918622639893406,-0.03735037619879825,0.03903492424295856,0.059864909509999994,0.0580193849,-0.0018455246099999961,-0.00026571231028169046,0.0007368447147724471,0.0037383980918233935,0.6648803561900001,0.68497939247,0.02009903627999987,0.0039941643167100156,0.0013461622670892228,0.013476407309331282,0.14945625,0.263475,0.11401875,0.024277603594274985,0.015896299471462982,0.026648877204302625,0.04656201569,0.07238587593,0.025823860239999996,0.006119175866495877,0.002857206871242084,0.0014131547565602765,0.0,0.0,0.0,0.0,0.0,0.0,2.41601057391,3.7433709587100004,1.3273603848000004,0.3064810918763786,0.16229418871064163,0.4244757405706704,vit_imagenet,3,12,10,31.666667,2.041241,32.777778,2.832789,30.555556,4.374449,/home/paichichi/projects/TCC-core/wsl_result/downstream_rvt2_lite_runs/hparam_search/hpsA2_vit_imagenet_b20_rho0p5_eps0p05_lr3p75em5_i40000/eval_raw.csv
hpsA2_vit_imagenet_b20_rho0p5_eps0p05_lr7p5em5_i40000,vit_imagenet,0.5,0.05,0.000075,1,0.1,1,0.5,/home/paichichi/projects/TCC-core/wsl_result/tcc_core_runs/hpsA2_vit_imagenet_b20_rho0p5_eps0p05_lr7p5em5_i40000,complete,40000,40000,True,2.72519782998,2.08484627578,-0.6403515542,-0.1071394685065223,-0.05157864827608793,0.06562876892509197,2.0778093334300003,1.73899487114,-0.33881446229000023,-0.08079853506077615,-0.048935142024077276,0.05913285209594958,2.0612000942999997,1.7263831055799999,-0.3348169887199999,-0.0798952879603624,-0.048444049941662286,0.05864744655076435,0.16608911126,0.12612005587,-0.03996905539000001,-0.009032256265931831,-0.0049084748929121335,0.0067661907258831575,1.29477699753,0.69170281264,-0.6030741848900001,-0.052681866765111246,-0.0052870098528971215,0.030899320165361784,1.00923078221,0.8745605805200001,-0.13467020168999988,-0.030536404319127148,-0.01006503995867555,0.03340808249091686,1.05196930198,0.8518225241999999,-0.20014677778000012,-0.04935888269401877,-0.03837901110395443,0.034877581309632005,2.05534689715,1.72194919645,-0.3333977007000002,-0.07921850738073345,-0.0464636961871123,0.043715895059676345,0.05963016084,0.05703363449,-0.002596526350000003,-0.000523906351713155,0.0009322405876706089,0.0041377060527629005,0.66598937085,0.69265819689,0.026668826039999982,0.005821385779608136,0.001971914231008343,0.015841683620250797,0.1541125,0.2954125,0.1413,0.031679626912377926,0.01951793044517929,0.02858426687008082,0.043871095570000004,0.07233841990999999,0.02846732433999999,0.006842398874403162,0.002976818086817174,0.0010492088068451827,0.0,0.0,0.0,0.0,0.0,0.0,2.3404480521099997,2.7030835791200003,0.36263552701000057,0.188404385442184,0.08334337628170015,0.27531052258585137,vit_imagenet,3,12,10,35.833333,3.118048,37.222222,3.928371,34.444444,2.832789,/home/paichichi/projects/TCC-core/wsl_result/downstream_rvt2_lite_runs/hparam_search/hpsA2_vit_imagenet_b20_rho0p5_eps0p05_lr7p5em5_i40000/eval_raw.csv
hpsA2_vit_imagenet_b20_rho0p5_eps0p05_lr1p5em4_i40000,vit_imagenet,0.5,0.05,0.00015,1,0.1,1,0.5,/home/paichichi/projects/TCC-core/wsl_result/tcc_core_runs/hpsA2_vit_imagenet_b20_rho0p5_eps0p05_lr1p5em4_i40000,complete,40000,40000,True,2.6786543209800002,1.9675912034,-0.7110631175800002,-0.12772077592462855,-0.06704286189834968,0.07373021019106298,2.07536768255,1.62209929366,-0.45326838889,-0.10921315217683865,-0.06760819944241218,0.06755320363792129,2.05880035105,1.61071338458,-0.44808696647,-0.10802256218999888,-0.06692437534999934,0.06701181354649786,0.16567358394999998,0.1138586425,-0.051814941449999985,-0.0119059742711722,-0.006837792236944315,0.007363429144655183,1.20657327827,0.69098382237,-0.5155894559,-0.03701524706099344,0.0011306797683004034,0.030235501400498153,1.00806833538,0.8191005578,-0.18896777757999994,-0.04515359653840094,-0.017825767025703602,0.03776713786608649,1.0507320068,0.79161282323,-0.25911918356999986,-0.0628689653317573,-0.049098612752260774,0.03775344066157754,2.0541181545600002,1.60556927412,-0.4485488804400002,-0.10782914997380681,-0.06649696671061064,0.04942835099316452,0.059588546039999996,0.05480133217,-0.004787213869999994,-0.0012314359222276073,0.0008801063409272635,0.004471516913163003,0.6662415457199999,0.70490703619,0.03866549047000001,0.009391377129578715,0.0037486379649421817,0.017811991715766713,0.15650312500000002,0.33939687500000004,0.18289375000000002,0.04233180377059813,0.027377507898775053,0.03225153687592849,0.03813169708,0.07200228333,0.03387058625,0.008282125546070086,0.004471379708649594,0.0010895309209293747,0.0,0.0,0.0,0.0,0.0,0.0,1.83000153721,2.0513944109,0.22139287368999994,0.19294301719928603,0.11071711576020725,0.16773763309149226,vit_imagenet,3,12,10,35.555556,1.964186,33.888889,3.424674,37.222222,1.571348,/home/paichichi/projects/TCC-core/wsl_result/downstream_rvt2_lite_runs/hparam_search/hpsA2_vit_imagenet_b20_rho0p5_eps0p05_lr1p5em4_i40000/eval_raw.csv
hpsA2_r3m_bn_b20_rho0p25_eps0p025_lr5em5_i40000,r3m_bn_bi,0.25,0.025,0.00005,1,0.1,1,0.5,/home/paichichi/projects/TCC-core/wsl_result/tcc_core_runs/hpsA2_r3m_bn_b20_rho0p25_eps0p025_lr5em5_i40000,complete,40000,40000,True,4.65865465519,2.55912586005,-2.0995287951400003,-0.28104966146543636,-0.035964551697846084,0.023909877309453913,3.64625629658,2.1539584063,-1.4922978902799997,-0.17457999514224598,-0.008622144266559833,0.011945164350314872,3.63251797751,2.13713353274,-1.49538444477,-0.17503231875404154,-0.008655061164074428,0.012005763030732666,0.13737353523999998,0.16825195354,0.030878418300000016,0.004524311754163697,0.0003345475191124755,0.0013159718972064953,2.02479672728,0.8103349067000001,-1.21446182058,-0.21293933247566682,-0.054684816169912324,0.0407478788943251,2.05464564192,2.07944155,0.024795908079999762,0.0017832281363379125,-7.81734679816953e-08,0.0,1.5778723463,0.05769193877,-1.52018040753,-0.1768155539066526,-0.008654980773293817,0.012005760071903212,1.26574406993,2.02376290209,0.7580188321600001,0.10477722067935605,0.007500778514823553,0.010335949069576316,0.36927779802,0.375,0.005722201980000008,0.00044859409236920725,-4.1166173211660515e-08,0.0,0.13232138008000002,0.125,-0.007321380080000023,-0.0005825740597276232,1.3447680614476754e-07,0.0,0.146971875,0.135140625,-0.011831250000000015,-0.003117852543940821,-0.0006126138811261379,0.023090128902506696,0.00448056037,0.01849213975,0.01401157938,0.0023826106293053178,0.00023522799142767996,0.0001450965770527944,0.0,0.0,0.0,0.0,0.0,0.0,2.80877716879,0.34088389073,-2.46789327806,-0.45956079873034483,-0.05947280378859882,0.09610325585230794,r3m_bn_bi,3,12,10,28.611111,1.416394,30.555556,2.832789,26.666667,0.000000,/home/paichichi/projects/TCC-core/wsl_result/downstream_rvt2_lite_runs/hparam_search/hpsA2_r3m_bn_b20_rho0p25_eps0p025_lr5em5_i40000/eval_raw.csv
hpsA2_r3m_bn_b20_rho0p25_eps0p025_lr2em4_i40000,r3m_bn_bi,0.25,0.025,0.0002,1,0.1,1,0.5,/home/paichichi/projects/TCC-core/wsl_result/tcc_core_runs/hpsA2_r3m_bn_b20_rho0p25_eps0p025_lr2em4_i40000,complete,40000,40000,True,4.03399857148,2.47878625075,-1.55521232073,-0.13196533545299746,-0.01187319128218709,0.01671864090340882,3.13109485683,2.1347387684199997,-0.9963560884100002,-0.060085582562085335,-0.00343925910958798,0.006785656469831483,3.11665655646,2.11784305364,-0.99881350282,-0.0602504277981603,-0.0034503883908680983,0.006809581000356581,0.1443881837,0.16898047002,0.02459228631999999,0.0016557066141976687,0.00010121177596431704,0.0009298946269111342,1.8058074202099998,0.6880949681199999,-1.11771245209,-0.14375950569688403,-0.016867848405818866,0.03009369325278387,2.06809273876,2.07944155,0.011348811239999979,0.00046098581493714367,0.0,0.0,1.04856381367,0.038401470099999994,-1.01016234357,-0.060711415697723516,-0.003450377404880566,0.0068095768827426415,1.47447517793,2.04117817334,0.56670299541,0.03957557606086583,0.0033019728598391233,0.006456869673313232,0.37224907101000004,0.375,0.0027509289899999567,0.00011581729358636403,0.0,0.0,0.12856868595,0.125,-0.003568685950000011,-0.00015058064507456932,0.0,0.0,0.148771875,0.1308875,-0.017884375000000008,-0.002412676732953242,-0.0003467752534677536,0.024492214962105817,0.0070327212100000005,0.0186259199,0.011593198689999999,0.0009410211492431792,6.405664479636669e-05,0.0001344215627590678,0.0,0.0,0.0,0.0,0.0,0.0,2.08889336357,0.09743429131,-1.99145907226,-0.17639262180695478,-0.019771785572018766,0.02372234066530901,r3m_bn_bi,3,12,10,36.388889,2.187224,38.333333,3.600411,34.444444,2.832789,/home/paichichi/projects/TCC-core/wsl_result/downstream_rvt2_lite_runs/hparam_search/hpsA2_r3m_bn_b20_rho0p25_eps0p025_lr2em4_i40000/eval_raw.csv
hpsB_r3m_bn_bi_rho0p25_eps0p025_lr0p0001_qstep1_lq0p05_lsa1_lmv0p5_i40000,r3m_bn_bi,0.25,0.025,0.0001,1,0.05,1,0.5,/home/paichichi/projects/TCC-core/wsl_result/tcc_core_runs/hpsB_r3m_bn_bi_rho0p25_eps0p025_lr0p0001_qstep1_lq0p05_lsa1_lmv0p5_i40000,complete,40000,40000,True,4.369509584499999,2.49773929399,-1.8717702905099993,-0.1966797092077967,-0.02072404319301998,0.019268550017377314,3.41703314,2.13368786581,-1.2833452741900002,-0.10453270274155456,-0.005294794183589775,0.008834392464012804,3.41003144042,2.12525395642,-1.2847774840000001,-0.10467202890309935,-0.0053033426727198095,0.008855235929237062,0.14003955075,0.16868554781,0.02864599706000001,0.002787052133841086,0.0001597983509575829,0.001052355668167041,1.90495289058,0.7281028699800001,-1.1768500205999999,-0.184294012205273,-0.030858493173855674,0.03372208690744843,2.06161451424,2.07944155,0.017827035759999887,0.0009324649230590308,0.0,0.0,1.34841694099,0.04581236539,-1.3026045756,-0.105604498074698,-0.005303340136741809,0.00885524141306577,1.35035094634,2.0343037861,0.6839528397600001,0.0655635545306342,0.004831288473291289,0.008079953905617485,0.37080699553,0.375,0.0041930044699999836,0.00023688833256583664,0.0,0.0,0.13037322218,0.125,-0.005373222179999998,-0.0003069985555095423,0.0,0.0,0.147678125,0.13227187499999998,-0.01540625000000001,-0.002880432959808096,-0.00041522062915220435,0.02441944485669924,0.00533284002,0.01857581372,0.0132429737,0.0015285417815007836,0.00015603180932251753,0.0001390011074285439,0.0,0.0,0.0,0.0,0.0,0.0,2.6377609653,0.19140518382,-2.44635578148,-0.3083934263293607,-0.037683135821626836,0.049271813980296134,r3m_bn_bi,3,12,10,26.388889,1.039349,28.333333,1.360828,24.444444,2.078699,/home/paichichi/projects/TCC-core/wsl_result/downstream_rvt2_lite_runs/hparam_search/hpsB_r3m_bn_bi_rho0p25_eps0p025_lr0p0001_qstep1_lq0p05_lsa1_lmv0p5_i40000/eval_raw.csv
hpsB_r3m_bn_bi_rho0p25_eps0p025_lr0p0001_qstep1_lq0p2_lsa1_lmv0p5_i40000,r3m_bn_bi,0.25,0.025,0.0001,1,0.2,1,0.5,/home/paichichi/projects/TCC-core/wsl_result/tcc_core_runs/hpsB_r3m_bn_bi_rho0p25_eps0p025_lr0p0001_qstep1_lq0p2_lsa1_lmv0p5_i40000,complete,40000,40000,True,4.39240532073,2.5232083649800003,-1.8691969557499997,-0.19509521574501956,-0.020866388317079463,0.019150365666041908,3.43976748354,2.1590958695099998,-1.28067161403,-0.10319460279696761,-0.005415485303698881,0.00868564862903211,3.411761534,2.12536409605,-1.2863974379499998,-0.10374711418581421,-0.00544864975461411,0.008769697258464144,0.14001416026000002,0.16868457135,0.028670411089999986,0.0027676789103918244,0.00016262181797181834,0.0010882058245002516,1.90527566394,0.7282249970300001,-1.1770506669099998,-0.18380122469393856,-0.030901800028546304,0.03357427446957013,2.0615466582999997,2.07944155,0.017894891700000137,0.0009267423640747123,0.0,0.0,1.350214893,0.045922498650000004,-1.30429239435,-0.10467386077636803,-0.0054486506531849326,0.008769699082039902,1.34964862896,2.03420349266,0.6845548637000001,0.06491055441641934,0.004956560888957013,0.008022653871406415,0.37078299131,0.375,0.004217008690000024,0.00023526448805500638,0.0,0.0,0.13040827582,0.125,-0.0054082758200000025,-0.000304862808155645,0.0,0.0,0.14778437500000002,0.132915625,-0.014868750000000014,-0.0027824490661921375,0.0003526550660265507,0.0236236174777356,0.00532579661,0.0185619058,0.013236109190000001,0.001478961459035234,0.00013432696338227005,0.00013860087470416628,0.0,0.0,0.0,0.0,0.0,0.0,2.63846341049,0.19132354754,-2.44713986295,-0.29694034540408015,-0.03736255592017334,0.047755947875090736,,,,,,,,,,,
hpsB_r3m_bn_bi_rho0p25_eps0p025_lr0p0001_qstep3_lq0p05_lsa1_lmv0p5_i40000,r3m_bn_bi,0.25,0.025,0.0001,3,0.05,1,0.5,/home/paichichi/projects/TCC-core/wsl_result/tcc_core_runs/hpsB_r3m_bn_bi_rho0p25_eps0p025_lr0p0001_qstep3_lq0p05_lsa1_lmv0p5_i40000,missing,0,0,False,,,,,,,,,,,,,,,,,,,,,,,,,,,,,,,,,,,,,,,,,,,,,,,,,,,,,,,,,,,,,,,,,,,,,,,,,,,,,,,,,,,,,,,,,,,,,,,
hpsB_r3m_bn_bi_rho0p25_eps0p025_lr0p0001_qstep3_lq0p1_lsa1_lmv0p5_i40000,r3m_bn_bi,0.25,0.025,0.0001,3,0.1,1,0.5,/home/paichichi/projects/TCC-core/wsl_result/tcc_core_runs/hpsB_r3m_bn_bi_rho0p25_eps0p025_lr0p0001_qstep3_lq0p1_lsa1_lmv0p5_i40000,missing,0,0,False,,,,,,,,,,,,,,,,,,,,,,,,,,,,,,,,,,,,,,,,,,,,,,,,,,,,,,,,,,,,,,,,,,,,,,,,,,,,,,,,,,,,,,,,,,,,,,,
hpsB_r3m_bn_bi_rho0p25_eps0p025_lr0p0001_qstep3_lq0p2_lsa1_lmv0p5_i40000,r3m_bn_bi,0.25,0.025,0.0001,3,0.2,1,0.5,/home/paichichi/projects/TCC-core/wsl_result/tcc_core_runs/hpsB_r3m_bn_bi_rho0p25_eps0p025_lr0p0001_qstep3_lq0p2_lsa1_lmv0p5_i40000,missing,0,0,False,,,,,,,,,,,,,,,,,,,,,,,,,,,,,,,,,,,,,,,,,,,,,,,,,,,,,,,,,,,,,,,,,,,,,,,,,,,,,,,,,,,,,,,,,,,,,,,
hpsB_r3m_bn_bi_rho0p25_eps0p025_lr0p0001_qstep7_lq0p05_lsa1_lmv0p5_i40000,r3m_bn_bi,0.25,0.025,0.0001,7,0.05,1,0.5,/home/paichichi/projects/TCC-core/wsl_result/tcc_core_runs/hpsB_r3m_bn_bi_rho0p25_eps0p025_lr0p0001_qstep7_lq0p05_lsa1_lmv0p5_i40000,missing,0,0,False,,,,,,,,,,,,,,,,,,,,,,,,,,,,,,,,,,,,,,,,,,,,,,,,,,,,,,,,,,,,,,,,,,,,,,,,,,,,,,,,,,,,,,,,,,,,,,,
hpsB_r3m_bn_bi_rho0p25_eps0p025_lr0p0001_qstep7_lq0p1_lsa1_lmv0p5_i40000,r3m_bn_bi,0.25,0.025,0.0001,7,0.1,1,0.5,/home/paichichi/projects/TCC-core/wsl_result/tcc_core_runs/hpsB_r3m_bn_bi_rho0p25_eps0p025_lr0p0001_qstep7_lq0p1_lsa1_lmv0p5_i40000,missing,0,0,False,,,,,,,,,,,,,,,,,,,,,,,,,,,,,,,,,,,,,,,,,,,,,,,,,,,,,,,,,,,,,,,,,,,,,,,,,,,,,,,,,,,,,,,,,,,,,,,
hpsB_r3m_bn_bi_rho0p25_eps0p025_lr0p0001_qstep7_lq0p2_lsa1_lmv0p5_i40000,r3m_bn_bi,0.25,0.025,0.0001,7,0.2,1,0.5,/home/paichichi/projects/TCC-core/wsl_result/tcc_core_runs/hpsB_r3m_bn_bi_rho0p25_eps0p025_lr0p0001_qstep7_lq0p2_lsa1_lmv0p5_i40000,missing,0,0,False,,,,,,,,,,,,,,,,,,,,,,,,,,,,,,,,,,,,,,,,,,,,,,,,,,,,,,,,,,,,,,,,,,,,,,,,,,,,,,,,,,,,,,,,,,,,,,,
